filename,type
uramaki_uramaki_28.jpg,uramaki
uramaki_uramaki_29.jpg,uramaki
uramaki_uramaki_39.jpg,uramaki
uramaki_uramaki_48.jpg,uramaki
uramaki_uramaki_60.jpg,uramaki
uramaki_uramaki_49.jpg,uramaki
uramaki_uramaki_38.jpg,uramaki
uramaki_uramaki_59.jpg,uramaki
uramaki_uramaki_41.jpg,uramaki
uramaki_uramaki_42.jpg,uramaki
uramaki_uramaki_43.jpg,uramaki
uramaki_uramaki_53.jpg,uramaki
uramaki_uramaki_46.jpg,uramaki
uramaki_uramaki_50.jpg,uramaki
uramaki_uramaki_44.jpg,uramaki
uramaki_uramaki_45.jpg,uramaki
uramaki_uramaki_36.jpg,uramaki
uramaki_uramaki_22.jpg,uramaki
uramaki_uramaki_23.jpg,uramaki
uramaki_uramaki_21.jpg,uramaki
uramaki_uramaki_24.jpg,uramaki
uramaki_uramaki_30.jpg,uramaki
uramaki_uramaki_25.jpg,uramaki
uramaki_uramaki_27.jpg,uramaki
uramaki_uramaki_26.jpg,uramaki
uramaki_uramaki_32.jpg,uramaki
gunkan_maki_gunkan_maki_58.jpg,gunkan_maki
gunkan_maki_gunkan_maki_48.jpg,gunkan_maki
gunkan_maki_gunkan_maki_39.jpg,gunkan_maki
gunkan_maki_gunkan_maki_29.jpg,gunkan_maki
gunkan_maki_gunkan_maki_28.jpg,gunkan_maki
gunkan_maki_gunkan_maki_31.jpg,gunkan_maki
gunkan_maki_gunkan_maki_25.jpg,gunkan_maki
gunkan_maki_gunkan_maki_24.jpg,gunkan_maki
gunkan_maki_gunkan_maki_30.jpg,gunkan_maki
gunkan_maki_gunkan_maki_26.jpg,gunkan_maki
gunkan_maki_gunkan_maki_32.jpg,gunkan_maki
gunkan_maki_gunkan_maki_33.jpg,gunkan_maki
gunkan_maki_gunkan_maki_27.jpg,gunkan_maki
gunkan_maki_gunkan_maki_23.jpg,gunkan_maki
gunkan_maki_gunkan_maki_37.jpg,gunkan_maki
gunkan_maki_gunkan_maki_36.jpg,gunkan_maki
gunkan_maki_gunkan_maki_20.jpg,gunkan_maki
gunkan_maki_gunkan_maki_21.jpg,gunkan_maki
gunkan_maki_gunkan_maki_52.jpg,gunkan_maki
gunkan_maki_gunkan_maki_53.jpg,gunkan_maki
gunkan_maki_gunkan_maki_43.jpg,gunkan_maki
temari_sushi_temari_sushi_52.jpg,temari_sushi
temari_sushi_temari_sushi_46.jpg,temari_sushi
temari_sushi_temari_sushi_47.jpg,temari_sushi
temari_sushi_temari_sushi_53.jpg,temari_sushi
temari_sushi_temari_sushi_51.jpg,temari_sushi
temari_sushi_temari_sushi_50.jpg,temari_sushi
temari_sushi_temari_sushi_44.jpg,temari_sushi
temari_sushi_temari_sushi_54.jpg,temari_sushi
temari_sushi_temari_sushi_41.jpg,temari_sushi
temari_sushi_temari_sushi_43.jpg,temari_sushi
temari_sushi_temari_sushi_56.jpg,temari_sushi
temari_sushi_temari_sushi_58.jpg,temari_sushi
temari_sushi_temari_sushi_59.jpg,temari_sushi
temari_sushi_temari_sushi_49.jpg,temari_sushi
temari_sushi_temari_sushi_48.jpg,temari_sushi
nigiri_nigiri_34.jpg,nigiri
nigiri_nigiri_21.jpg,nigiri
nigiri_nigiri_35.jpg,nigiri
nigiri_nigiri_23.jpg,nigiri
nigiri_nigiri_22.jpg,nigiri
nigiri_nigiri_26.jpg,nigiri
nigiri_nigiri_27.jpg,nigiri
nigiri_nigiri_25.jpg,nigiri
nigiri_nigiri_9.jpg,nigiri
nigiri_nigiri_8.jpg,nigiri
nigiri_nigiri_30.jpg,nigiri
nigiri_nigiri_57.jpg,nigiri
nigiri_nigiri_43.jpg,nigiri
nigiri_nigiri_55.jpg,nigiri
nigiri_nigiri_45.jpg,nigiri
nigiri_nigiri_44.jpg,nigiri
nigiri_nigiri_47.jpg,nigiri
nigiri_nigiri_53.jpg,nigiri
nigiri_nigiri_48.jpg,nigiri
nigiri_nigiri_59.jpg,nigiri
nigiri_nigiri_28.jpg,nigiri
nigiri_nigiri_38.jpg,nigiri
sashimi_sashimi_49.jpg,sashimi
sashimi_sashimi_59.jpg,sashimi
sashimi_sashimi_58.jpg,sashimi
sashimi_sashimi_35.jpg,sashimi
sashimi_sashimi_21.jpg,sashimi
sashimi_sashimi_22.jpg,sashimi
sashimi_sashimi_36.jpg,sashimi
sashimi_sashimi_43.jpg,sashimi
sashimi_sashimi_5.jpg,sashimi
sashimi_sashimi_41.jpg,sashimi
sashimi_sashimi_54.jpg,sashimi
sashimi_sashimi_4.jpg,sashimi
sashimi_sashimi_50.jpg,sashimi
sashimi_sashimi_47.jpg,sashimi
sashimi_sashimi_52.jpg,sashimi
temaki_temaki_59.jpg,temaki
temaki_temaki_58.jpg,temaki
temaki_temaki_60.jpg,temaki
temaki_temaki_48.jpg,temaki
temaki_temaki_39.jpg,temaki
temaki_temaki_28.jpg,temaki
temaki_temaki_24.jpg,temaki
temaki_temaki_27.jpg,temaki
temaki_temaki_26.jpg,temaki
temaki_temaki_22.jpg,temaki
temaki_temaki_20.jpg,temaki
temaki_temaki_50.jpg,temaki
temaki_temaki_51.jpg,temaki
temaki_temaki_42.jpg,temaki
chirashi_chirashi_57.jpg,chirashi
chirashi_chirashi_56.jpg,chirashi
chirashi_chirashi_55.jpg,chirashi
chirashi_chirashi_50.jpg,chirashi
chirashi_chirashi_53.jpg,chirashi
chirashi_chirashi_13.jpg,chirashi
chirashi_chirashi_35.jpg,chirashi
chirashi_chirashi_37.jpg,chirashi
chirashi_chirashi_39.jpg,chirashi
chirashi_chirashi_27.jpg,chirashi
chirashi_chirashi_19.jpg,chirashi
chirashi_chirashi_31.jpg,chirashi
chirashi_chirashi_30.jpg,chirashi
chirashi_chirashi_36.jpg,chirashi
chirashi_chirashi_12.jpg,chirashi
chirashi_chirashi_38.jpg,chirashi
hosomaki_hosomaki_57.jpg,hosomaki
hosomaki_hosomaki_43.jpg,hosomaki
hosomaki_hosomaki_56.jpg,hosomaki
hosomaki_hosomaki_55.jpg,hosomaki
hosomaki_hosomaki_41.jpg,hosomaki
hosomaki_hosomaki_51.jpg,hosomaki
hosomaki_hosomaki_50.jpg,hosomaki
hosomaki_hosomaki_44.jpg,hosomaki
hosomaki_hosomaki_52.jpg,hosomaki
hosomaki_hosomaki_46.jpg,hosomaki
hosomaki_hosomaki_47.jpg,hosomaki
hosomaki_hosomaki_20.jpg,hosomaki
hosomaki_hosomaki_34.jpg,hosomaki
hosomaki_hosomaki_20.jpg,hosomaki
hosomaki_hosomaki_21.jpg,hosomaki
hosomaki_hosomaki_35.jpg,hosomaki
hosomaki_hosomaki_23.jpg,hosomaki
hosomaki_hosomaki_37.jpg,hosomaki
hosomaki_hosomaki_36.jpg,hosomaki
hosomaki_hosomaki_22.jpg,hosomaki
hosomaki_hosomaki_26.jpg,hosomaki
hosomaki_hosomaki_32.jpg,hosomaki
hosomaki_hosomaki_33.jpg,hosomaki
hosomaki_hosomaki_27.jpg,hosomaki
hosomaki_hosomaki_31.jpg,hosomaki
hosomaki_hosomaki_18.jpg,hosomaki
hosomaki_hosomaki_29.jpg,hosomaki
hosomaki_hosomaki_38.jpg,hosomaki
hosomaki_hosomaki_39.jpg,hosomaki
futomaki_futomaki_31.jpg,futomaki
futomaki_futomaki_25.jpg,futomaki
futomaki_futomaki_25.jpg,futomaki
futomaki_futomaki_24.jpg,futomaki
futomaki_futomaki_30.jpg,futomaki
futomaki_futomaki_26.jpg,futomaki
futomaki_futomaki_32.jpg,futomaki
futomaki_futomaki_27.jpg,futomaki
futomaki_futomaki_33.jpg,futomaki
futomaki_futomaki_27.jpg,futomaki
futomaki_futomaki_23.jpg,futomaki
futomaki_futomaki_37.jpg,futomaki
futomaki_futomaki_36.jpg,futomaki
futomaki_futomaki_22.jpg,futomaki
futomaki_futomaki_34.jpg,futomaki
futomaki_futomaki_21.jpg,futomaki
futomaki_futomaki_47.jpg,futomaki
futomaki_futomaki_53.jpg,futomaki
futomaki_futomaki_45.jpg,futomaki
futomaki_futomaki_44.jpg,futomaki
futomaki_futomaki_41.jpg,futomaki
futomaki_futomaki_58.jpg,futomaki
futomaki_futomaki_59.jpg,futomaki
futomaki_futomaki_49.jpg,futomaki
futomaki_futomaki_39.jpg,futomaki
futomaki_futomaki_29.jpg,futomaki
futomaki_futomaki_29.jpg,futomaki
inarizushi_inarizushi_53.jpg,inarizushi
inarizushi_inarizushi_47.jpg,inarizushi
inarizushi_inarizushi_46.jpg,inarizushi
inarizushi_inarizushi_52.jpg,inarizushi
inarizushi_inarizushi_44.jpg,inarizushi
inarizushi_inarizushi_23.jpg,inarizushi
inarizushi_inarizushi_34.jpg,inarizushi
inarizushi_inarizushi_30.jpg,inarizushi
inarizushi_inarizushi_31.jpg,inarizushi
inarizushi_inarizushi_19.jpg,inarizushi
inarizushi_inarizushi_27.jpg,inarizushi
inarizushi_inarizushi_33.jpg,inarizushi
inarizushi_inarizushi_32.jpg,inarizushi
inarizushi_inarizushi_28.jpg,inarizushi
inarizushi_inarizushi_39.jpg,inarizushi
inarizushi_inarizushi_38.jpg,inarizushi
oshizushi_oshizushi_60.jpg,oshizushi
oshizushi_oshizushi_58.jpg,oshizushi
oshizushi_oshizushi_59.jpg,oshizushi
oshizushi_oshizushi_29.jpg,oshizushi
oshizushi_oshizushi_38.jpg,oshizushi
oshizushi_oshizushi_39.jpg,oshizushi
oshizushi_oshizushi_23.jpg,oshizushi
oshizushi_oshizushi_5.jpg,oshizushi
oshizushi_oshizushi_36.jpg,oshizushi
oshizushi_oshizushi_22.jpg,oshizushi
oshizushi_oshizushi_34.jpg,oshizushi
oshizushi_oshizushi_20.jpg,oshizushi
oshizushi_oshizushi_6.jpg,oshizushi
oshizushi_oshizushi_21.jpg,oshizushi
oshizushi_oshizushi_35.jpg,oshizushi
oshizushi_oshizushi_24.jpg,oshizushi
oshizushi_oshizushi_26.jpg,oshizushi
oshizushi_oshizushi_32.jpg,oshizushi
oshizushi_oshizushi_27.jpg,oshizushi
