filename,species,part
tai_himedai_tai_himedai_7.jpg,tai,himedai
tai_himedai_tai_himedai_10.jpg,tai,himedai
tai_himedai_tai_himedai_5.jpg,tai,himedai
tai_himedai_tai_himedai_4.jpg,tai,himedai
tai_himedai_tai_himedai_1.jpg,tai,himedai
tai_himedai_tai_himedai_8.jpg,tai,himedai
tai_himedai_tai_himedai_9.jpg,tai,himedai
tsubagai_tsubagai_9.jpg,tsubagai,
tsubagai_tsubagai_8.jpg,tsubagai,
tsubagai_tsubagai_3.jpg,tsubagai,
tsubagai_tsubagai_4.jpg,tsubagai,
tsubagai_tsubagai_6.jpg,tsubagai,
tsubagai_tsubagai_7.jpg,tsubagai,
tai_ishidai_tai_ishidai_9.jpg,tai,ishidai
tai_ishidai_tai_ishidai_7.jpg,tai,ishidai
tai_ishidai_tai_ishidai_2.jpg,tai,ishidai
maguro_chutoro_maguro_chutoro_6.jpg,maguro,chutoro
maguro_chutoro_maguro_chutoro_16.jpg,maguro,chutoro
maguro_chutoro_maguro_chutoro_17.jpg,maguro,chutoro
maguro_chutoro_maguro_chutoro_14.jpg,maguro,chutoro
maguro_chutoro_maguro_chutoro_4.jpg,maguro,chutoro
maguro_chutoro_maguro_chutoro_15.jpg,maguro,chutoro
maguro_chutoro_maguro_chutoro_11.jpg,maguro,chutoro
maguro_chutoro_maguro_chutoro_12.jpg,maguro,chutoro
maguro_chutoro_maguro_chutoro_3.jpg,maguro,chutoro
maguro_chutoro_maguro_chutoro_13.jpg,maguro,chutoro
maguro_chutoro_maguro_chutoro_8.jpg,maguro,chutoro
maguro_chutoro_maguro_chutoro_20.jpg,maguro,chutoro
maguro_chutoro_maguro_chutoro_19.jpg,maguro,chutoro
tai_madai_tai_madai_1.jpg,tai,madai
tai_madai_tai_madai_6.jpg,tai,madai
tai_madai_tai_madai_3.jpg,tai,madai
tai_madai_tai_madai_2.jpg,tai,madai
tai_madai_tai_madai_7.jpg,tai,madai
tai_madai_tai_madai_5.jpg,tai,madai
tai_madai_tai_madai_10.jpg,tai,madai
tai_madai_tai_madai_4.jpg,tai,madai
tai_madai_tai_madai_9.jpg,tai,madai
tai_madai_tai_madai_8.jpg,tai,madai
engawa_engawa_1.jpg,engawa,
engawa_engawa_3.jpg,engawa,
engawa_engawa_2.jpg,engawa,
engawa_engawa_6.jpg,engawa,
engawa_engawa_7.jpg,engawa,
engawa_engawa_5.jpg,engawa,
engawa_engawa_4.jpg,engawa,
engawa_engawa_9.jpg,engawa,
engawa_engawa_8.jpg,engawa,
mirugai_mirugai_6.jpg,mirugai,
mirugai_mirugai_3.jpg,mirugai,
mirugai_mirugai_5.jpg,mirugai,
mirugai_mirugai_10.jpg,mirugai,
mirugai_mirugai_1.jpg,mirugai,
hokkigai_hokkigai_6.jpg,hokkigai,
hokkigai_hokkigai_7.jpg,hokkigai,
hokkigai_hokkigai_5.jpg,hokkigai,
hokkigai_hokkigai_4.jpg,hokkigai,
hokkigai_hokkigai_1.jpg,hokkigai,
hokkigai_hokkigai_3.jpg,hokkigai,
hokkigai_hokkigai_2.jpg,hokkigai,
hokkigai_hokkigai_10.jpg,hokkigai,
hokkigai_hokkigai_9.jpg,hokkigai,
ika_somen_ika_somen_9.jpg,ika,somen
ika_somen_ika_somen_10.jpg,ika,somen
ika_somen_ika_somen_3.jpg,ika,somen
ika_somen_ika_somen_2.jpg,ika,somen
ika_somen_ika_somen_1.jpg,ika,somen
ika_somen_ika_somen_5.jpg,ika,somen
ika_somen_ika_somen_7.jpg,ika,somen
kihadamaguro_kihadamaguro_10.jpg,kihadamaguro,
kihadamaguro_kihadamaguro_7.jpg,kihadamaguro,
kihadamaguro_kihadamaguro_6.jpg,kihadamaguro,
kihadamaguro_kihadamaguro_5.jpg,kihadamaguro,
kihadamaguro_kihadamaguro_1.jpg,kihadamaguro,
kihadamaguro_kihadamaguro_2.jpg,kihadamaguro,
kihadamaguro_kihadamaguro_3.jpg,kihadamaguro,
kihadamaguro_kihadamaguro_8.jpg,kihadamaguro,
kihadamaguro_kihadamaguro_9.jpg,kihadamaguro,
amaebi_amaebi_8.jpg,amaebi,
amaebi_amaebi_9.jpg,amaebi,
amaebi_amaebi_10.jpg,amaebi,
amaebi_amaebi_6.jpg,amaebi,
amaebi_amaebi_7.jpg,amaebi,
amaebi_amaebi_5.jpg,amaebi,
amaebi_amaebi_4.jpg,amaebi,
amaebi_amaebi_1.jpg,amaebi,
amaebi_amaebi_3.jpg,amaebi,
amaebi_amaebi_2.jpg,amaebi,
sake_salmon_harasu_sake_salmon_harasu_2.jpg,sake,salmon_harasu
sake_salmon_harasu_sake_salmon_harasu_5.jpg,sake,salmon_harasu
sake_salmon_harasu_sake_salmon_harasu_4.jpg,sake,salmon_harasu
sake_salmon_harasu_sake_salmon_harasu_6.jpg,sake,salmon_harasu
sake_salmon_harasu_sake_salmon_harasu_19.jpg,sake,salmon_harasu
sake_salmon_harasu_sake_salmon_harasu_20.jpg,sake,salmon_harasu
sake_salmon_harasu_sake_salmon_harasu_11.jpg,sake,salmon_harasu
sake_salmon_harasu_sake_salmon_harasu_12.jpg,sake,salmon_harasu
sake_salmon_harasu_sake_salmon_harasu_13.jpg,sake,salmon_harasu
sake_salmon_harasu_sake_salmon_harasu_17.jpg,sake,salmon_harasu
sake_salmon_harasu_sake_salmon_harasu_16.jpg,sake,salmon_harasu
sake_salmon_harasu_sake_salmon_harasu_14.jpg,sake,salmon_harasu
sake_salmon_harasu_sake_salmon_harasu_9.jpg,sake,salmon_harasu
kujira_whale_kujira_whale_1.jpg,kujira,whale
kujira_whale_kujira_whale_2.jpg,kujira,whale
kujira_whale_kujira_whale_3.jpg,kujira,whale
kujira_whale_kujira_whale_6.jpg,kujira,whale
kujira_whale_kujira_whale_4.jpg,kujira,whale
kujira_whale_kujira_whale_5.jpg,kujira,whale
kujira_whale_kujira_whale_10.jpg,kujira,whale
kujira_whale_kujira_whale_9.jpg,kujira,whale
buri_hamachi_buri_hamachi_9.jpg,buri,hamachi
buri_hamachi_buri_hamachi_4.jpg,buri,hamachi
buri_hamachi_buri_hamachi_5.jpg,buri,hamachi
buri_hamachi_buri_hamachi_7.jpg,buri,hamachi
buri_hamachi_buri_hamachi_6.jpg,buri,hamachi
buri_hamachi_buri_hamachi_2.jpg,buri,hamachi
buri_hamachi_buri_hamachi_3.jpg,buri,hamachi
buri_hamachi_buri_hamachi_1.jpg,buri,hamachi
buri_hamachi_buri_hamachi_8.jpg,buri,hamachi
buri_hamachi_buri_hamachi_10.jpg,buri,hamachi
shime_saba_shime_saba_2.jpg,shime,saba
shime_saba_shime_saba_1.jpg,shime,saba
shime_saba_shime_saba_10.jpg,shime,saba
shime_saba_shime_saba_4.jpg,shime,saba
shime_saba_shime_saba_5.jpg,shime,saba
shime_saba_shime_saba_7.jpg,shime,saba
shime_saba_shime_saba_6.jpg,shime,saba
shime_saba_shime_saba_3.jpg,shime,saba
shime_saba_shime_saba_8.jpg,shime,saba
shime_saba_shime_saba_9.jpg,shime,saba
hiougi_scallop_hiougi_scallop_4.jpg,hiougi,scallop
hiougi_scallop_hiougi_scallop_5.jpg,hiougi,scallop
hiougi_scallop_hiougi_scallop_7.jpg,hiougi,scallop
hiougi_scallop_hiougi_scallop_2.jpg,hiougi,scallop
hiougi_scallop_hiougi_scallop_3.jpg,hiougi,scallop
hiougi_scallop_hiougi_scallop_1.jpg,hiougi,scallop
hiougi_scallop_hiougi_scallop_8.jpg,hiougi,scallop
hiougi_scallop_hiougi_scallop_9.jpg,hiougi,scallop
hiougi_scallop_hiougi_scallop_10.jpg,hiougi,scallop
aji_aji_1.jpg,aji,
aji_aji_10.jpg,aji,
aji_aji_2.jpg,aji,
aji_aji_3.jpg,aji,
aji_aji_7.jpg,aji,
aji_aji_6.jpg,aji,
aji_aji_4.jpg,aji,
aji_aji_5.jpg,aji,
aji_aji_8.jpg,aji,
aji_aji_9.jpg,aji,
hiramasa_hiramasa_9.jpg,hiramasa,
hiramasa_hiramasa_1.jpg,hiramasa,
hiramasa_hiramasa_4.jpg,hiramasa,
hiramasa_hiramasa_2.jpg,hiramasa,
hiramasa_hiramasa_3.jpg,hiramasa,
hiramasa_hiramasa_7.jpg,hiramasa,
hiramasa_hiramasa_5.jpg,hiramasa,
suzuki_sea_bass_suzuki_sea_bass_1.jpg,suzuki,sea_bass
suzuki_sea_bass_suzuki_sea_bass_10.jpg,suzuki,sea_bass
suzuki_sea_bass_suzuki_sea_bass_9.jpg,suzuki,sea_bass
suzuki_sea_bass_suzuki_sea_bass_6.jpg,suzuki,sea_bass
suzuki_sea_bass_suzuki_sea_bass_7.jpg,suzuki,sea_bass
suzuki_sea_bass_suzuki_sea_bass_5.jpg,suzuki,sea_bass
suzuki_sea_bass_suzuki_sea_bass_4.jpg,suzuki,sea_bass
suzuki_sea_bass_suzuki_sea_bass_2.jpg,suzuki,sea_bass
suzuki_sea_bass_suzuki_sea_bass_3.jpg,suzuki,sea_bass
honmaguro_honmaguro_12.jpg,honmaguro,
honmaguro_honmaguro_13.jpg,honmaguro,
honmaguro_honmaguro_11.jpg,honmaguro,
honmaguro_honmaguro_9.jpg,honmaguro,
honmaguro_honmaguro_8.jpg,honmaguro,
honmaguro_honmaguro_15.jpg,honmaguro,
honmaguro_honmaguro_16.jpg,honmaguro,
honmaguro_honmaguro_6.jpg,honmaguro,
honmaguro_honmaguro_7.jpg,honmaguro,
honmaguro_honmaguro_19.jpg,honmaguro,
honmaguro_honmaguro_3.jpg,honmaguro,
tai_kurodai_tai_kurodai_1.jpg,tai,kurodai
tai_kurodai_tai_kurodai_2.jpg,tai,kurodai
tai_kurodai_tai_kurodai_3.jpg,tai,kurodai
tai_kurodai_tai_kurodai_6.jpg,tai,kurodai
tai_kurodai_tai_kurodai_10.jpg,tai,kurodai
tai_kurodai_tai_kurodai_4.jpg,tai,kurodai
tai_kurodai_tai_kurodai_5.jpg,tai,kurodai
tai_kurodai_tai_kurodai_8.jpg,tai,kurodai
akagai_akagai_3.jpg,akagai,
akagai_akagai_2.jpg,akagai,
akagai_akagai_7.jpg,akagai,
akagai_akagai_9.jpg,akagai,
akagai_akagai_5.jpg,akagai,
akagai_akagai_10.jpg,akagai,
akagai_akagai_8.jpg,akagai,
akagai_akagai_1.jpg,akagai,
maguro_otoro_maguro_otoro_8.jpg,maguro,otoro
maguro_otoro_maguro_otoro_20.jpg,maguro,otoro
maguro_otoro_maguro_otoro_19.jpg,maguro,otoro
maguro_otoro_maguro_otoro_9.jpg,maguro,otoro
maguro_otoro_maguro_otoro_7.jpg,maguro,otoro
maguro_otoro_maguro_otoro_1.jpg,maguro,otoro
maguro_otoro_maguro_otoro_5.jpg,maguro,otoro
maguro_otoro_maguro_otoro_14.jpg,maguro,otoro
maguro_otoro_maguro_otoro_15.jpg,maguro,otoro
maguro_otoro_maguro_otoro_16.jpg,maguro,otoro
maguro_otoro_maguro_otoro_17.jpg,maguro,otoro
tako_octopus_tako_octopus_9.jpg,tako,octopus
tako_octopus_tako_octopus_8.jpg,tako,octopus
tako_octopus_tako_octopus_6.jpg,tako,octopus
tako_octopus_tako_octopus_7.jpg,tako,octopus
tako_octopus_tako_octopus_5.jpg,tako,octopus
tako_octopus_tako_octopus_4.jpg,tako,octopus
tako_octopus_tako_octopus_1.jpg,tako,octopus
tako_octopus_tako_octopus_3.jpg,tako,octopus
tako_octopus_tako_octopus_2.jpg,tako,octopus
mebachimaguro_mebachimaguro_10.jpg,mebachimaguro,
mebachimaguro_mebachimaguro_8.jpg,mebachimaguro,
mebachimaguro_mebachimaguro_9.jpg,mebachimaguro,
mebachimaguro_mebachimaguro_4.jpg,mebachimaguro,
mebachimaguro_mebachimaguro_6.jpg,mebachimaguro,
ahi_tuna_ahi_tuna_9.jpg,ahi,tuna
ahi_tuna_ahi_tuna_8.jpg,ahi,tuna
ahi_tuna_ahi_tuna_10.jpg,ahi,tuna
ahi_tuna_ahi_tuna_1.jpg,ahi,tuna
ahi_tuna_ahi_tuna_3.jpg,ahi,tuna
ahi_tuna_ahi_tuna_2.jpg,ahi,tuna
ahi_tuna_ahi_tuna_6.jpg,ahi,tuna
ahi_tuna_ahi_tuna_7.jpg,ahi,tuna
ahi_tuna_ahi_tuna_5.jpg,ahi,tuna
ahi_tuna_ahi_tuna_4.jpg,ahi,tuna
tai_chidai_tai_chidai_10.jpg,tai,chidai
tai_chidai_tai_chidai_9.jpg,tai,chidai
tai_chidai_tai_chidai_2.jpg,tai,chidai
tai_chidai_tai_chidai_7.jpg,tai,chidai
tai_chidai_tai_chidai_6.jpg,tai,chidai
tai_chidai_tai_chidai_4.jpg,tai,chidai
tai_chidai_tai_chidai_5.jpg,tai,chidai
minamimaguro_minamimaguro_8.jpg,minamimaguro,
minamimaguro_minamimaguro_9.jpg,minamimaguro,
minamimaguro_minamimaguro_4.jpg,minamimaguro,
minamimaguro_minamimaguro_5.jpg,minamimaguro,
minamimaguro_minamimaguro_7.jpg,minamimaguro,
minamimaguro_minamimaguro_6.jpg,minamimaguro,
minamimaguro_minamimaguro_2.jpg,minamimaguro,
minamimaguro_minamimaguro_3.jpg,minamimaguro,
minamimaguro_minamimaguro_1.jpg,minamimaguro,
kanpachi_kanpachi_5.jpg,kanpachi,
kanpachi_kanpachi_4.jpg,kanpachi,
kanpachi_kanpachi_6.jpg,kanpachi,
kanpachi_kanpachi_7.jpg,kanpachi,
kanpachi_kanpachi_3.jpg,kanpachi,
kanpachi_kanpachi_2.jpg,kanpachi,
kanpachi_kanpachi_1.jpg,kanpachi,
kanpachi_kanpachi_9.jpg,kanpachi,
kanpachi_kanpachi_8.jpg,kanpachi,
kanpachi_kanpachi_10.jpg,kanpachi,
ika_squid_ika_squid_8.jpg,ika,squid
ika_squid_ika_squid_10.jpg,ika,squid
ika_squid_ika_squid_9.jpg,ika,squid
ika_squid_ika_squid_3.jpg,ika,squid
ika_squid_ika_squid_7.jpg,ika,squid
ika_squid_ika_squid_6.jpg,ika,squid
ika_squid_ika_squid_4.jpg,ika,squid
ika_squid_ika_squid_5.jpg,ika,squid
ika_squid_ika_squid_1.jpg,ika,squid
ika_squid_ika_squid_2.jpg,ika,squid
botan_ebi_botan_ebi_10.jpg,botan,ebi
botan_ebi_botan_ebi_6.jpg,botan,ebi
botan_ebi_botan_ebi_5.jpg,botan,ebi
botan_ebi_botan_ebi_4.jpg,botan,ebi
botan_ebi_botan_ebi_3.jpg,botan,ebi
botan_ebi_botan_ebi_1.jpg,botan,ebi
botan_ebi_botan_ebi_2.jpg,botan,ebi
botan_ebi_botan_ebi_9.jpg,botan,ebi
botan_ebi_botan_ebi_8.jpg,botan,ebi
maguro_akami_maguro_akami_1.jpg,maguro,akami
maguro_akami_maguro_akami_2.jpg,maguro,akami
maguro_akami_maguro_akami_18.jpg,maguro,akami
maguro_akami_maguro_akami_7.jpg,maguro,akami
maguro_akami_maguro_akami_3.jpg,maguro,akami
maguro_akami_maguro_akami_6.jpg,maguro,akami
maguro_akami_maguro_akami_4.jpg,maguro,akami
maguro_akami_maguro_akami_20.jpg,maguro,akami
maguro_akami_maguro_akami_13.jpg,maguro,akami
maguro_akami_maguro_akami_14.jpg,maguro,akami
maguro_akami_maguro_akami_15.jpg,maguro,akami
maguro_akami_maguro_akami_11.jpg,maguro,akami
aka_ebi_aka_ebi_9.jpg,aka,ebi
aka_ebi_aka_ebi_10.jpg,aka,ebi
aka_ebi_aka_ebi_5.jpg,aka,ebi
aka_ebi_aka_ebi_8.jpg,aka,ebi
aka_ebi_aka_ebi_7.jpg,aka,ebi
aka_ebi_aka_ebi_6.jpg,aka,ebi
aka_ebi_aka_ebi_4.jpg,aka,ebi
aka_ebi_aka_ebi_1.jpg,aka,ebi
aka_ebi_aka_ebi_3.jpg,aka,ebi
kurama_ebi_kurama_ebi_2.jpg,kurama,ebi
kurama_ebi_kurama_ebi_7.jpg,kurama,ebi
kurama_ebi_kurama_ebi_5.jpg,kurama,ebi
kurama_ebi_kurama_ebi_4.jpg,kurama,ebi
kurama_ebi_kurama_ebi_10.jpg,kurama,ebi
kurama_ebi_kurama_ebi_8.jpg,kurama,ebi
sake_salmon_toro_sake_salmon_toro_16.jpg,sake,salmon_toro
sake_salmon_toro_sake_salmon_toro_14.jpg,sake,salmon_toro
sake_salmon_toro_sake_salmon_toro_15.jpg,sake,salmon_toro
sake_salmon_toro_sake_salmon_toro_11.jpg,sake,salmon_toro
sake_salmon_toro_sake_salmon_toro_10.jpg,sake,salmon_toro
sake_salmon_toro_sake_salmon_toro_12.jpg,sake,salmon_toro
sake_salmon_toro_sake_salmon_toro_13.jpg,sake,salmon_toro
sake_salmon_toro_sake_salmon_toro_2.jpg,sake,salmon_toro
sake_salmon_toro_sake_salmon_toro_19.jpg,sake,salmon_toro
sake_salmon_toro_sake_salmon_toro_1.jpg,sake,salmon_toro
sake_salmon_toro_sake_salmon_toro_5.jpg,sake,salmon_toro
sake_salmon_toro_sake_salmon_toro_4.jpg,sake,salmon_toro
sake_salmon_toro_sake_salmon_toro_6.jpg,sake,salmon_toro
sake_salmon_toro_sake_salmon_toro_7.jpg,sake,salmon_toro
sake_salmon_toro_sake_salmon_toro_8.jpg,sake,salmon_toro
sake_salmon_toro_sake_salmon_toro_20.jpg,sake,salmon_toro
sake_salmon_toro_sake_salmon_toro_18.jpg,sake,salmon_toro
ikura_salmon_roe_ikura_salmon_roe_19.jpg,ikura,salmon_roe
ikura_salmon_roe_ikura_salmon_roe_18.jpg,ikura,salmon_roe
ikura_salmon_roe_ikura_salmon_roe_20.jpg,ikura,salmon_roe
ikura_salmon_roe_ikura_salmon_roe_8.jpg,ikura,salmon_roe
ikura_salmon_roe_ikura_salmon_roe_9.jpg,ikura,salmon_roe
ikura_salmon_roe_ikura_salmon_roe_4.jpg,ikura,salmon_roe
ikura_salmon_roe_ikura_salmon_roe_5.jpg,ikura,salmon_roe
ikura_salmon_roe_ikura_salmon_roe_7.jpg,ikura,salmon_roe
ikura_salmon_roe_ikura_salmon_roe_6.jpg,ikura,salmon_roe
ikura_salmon_roe_ikura_salmon_roe_2.jpg,ikura,salmon_roe
ikura_salmon_roe_ikura_salmon_roe_3.jpg,ikura,salmon_roe
ikura_salmon_roe_ikura_salmon_roe_1.jpg,ikura,salmon_roe
ikura_salmon_roe_ikura_salmon_roe_13.jpg,ikura,salmon_roe
ikura_salmon_roe_ikura_salmon_roe_12.jpg,ikura,salmon_roe
ikura_salmon_roe_ikura_salmon_roe_10.jpg,ikura,salmon_roe
ikura_salmon_roe_ikura_salmon_roe_11.jpg,ikura,salmon_roe
ikura_salmon_roe_ikura_salmon_roe_15.jpg,ikura,salmon_roe
ikura_salmon_roe_ikura_salmon_roe_14.jpg,ikura,salmon_roe
ikura_salmon_roe_ikura_salmon_roe_16.jpg,ikura,salmon_roe
ikura_salmon_roe_ikura_salmon_roe_17.jpg,ikura,salmon_roe
binnagamaguro_binnagamaguro_9.jpg,binnagamaguro,
binnagamaguro_binnagamaguro_8.jpg,binnagamaguro,
binnagamaguro_binnagamaguro_6.jpg,binnagamaguro,
binnagamaguro_binnagamaguro_4.jpg,binnagamaguro,
binnagamaguro_binnagamaguro_10.jpg,binnagamaguro,
binnagamaguro_binnagamaguro_1.jpg,binnagamaguro,
binnagamaguro_binnagamaguro_3.jpg,binnagamaguro,
binnagamaguro_binnagamaguro_2.jpg,binnagamaguro,
tai_kinmedai_tai_kinmedai_1.jpg,tai,kinmedai
tai_kinmedai_tai_kinmedai_2.jpg,tai,kinmedai
tai_kinmedai_tai_kinmedai_7.jpg,tai,kinmedai
tai_kinmedai_tai_kinmedai_4.jpg,tai,kinmedai
tai_kinmedai_tai_kinmedai_5.jpg,tai,kinmedai
tai_kinmedai_tai_kinmedai_8.jpg,tai,kinmedai
katsuo_tataki_katsuo_tataki_8.jpg,katsuo,tataki
katsuo_tataki_katsuo_tataki_6.jpg,katsuo,tataki
katsuo_tataki_katsuo_tataki_1.jpg,katsuo,tataki
katsuo_tataki_katsuo_tataki_3.jpg,katsuo,tataki
katsuo_tataki_katsuo_tataki_2.jpg,katsuo,tataki
katsuo_tataki_katsuo_tataki_7.jpg,katsuo,tataki
katsuo_tataki_katsuo_tataki_5.jpg,katsuo,tataki
katsuo_tataki_katsuo_tataki_4.jpg,katsuo,tataki
hotate_scallop_hotate_scallop_1.jpg,hotate,scallop
hotate_scallop_hotate_scallop_3.jpg,hotate,scallop
hotate_scallop_hotate_scallop_2.jpg,hotate,scallop
hotate_scallop_hotate_scallop_6.jpg,hotate,scallop
hotate_scallop_hotate_scallop_7.jpg,hotate,scallop
hotate_scallop_hotate_scallop_5.jpg,hotate,scallop
hotate_scallop_hotate_scallop_4.jpg,hotate,scallop
hotate_scallop_hotate_scallop_8.jpg,hotate,scallop
hotate_scallop_hotate_scallop_9.jpg,hotate,scallop
hotate_scallop_hotate_scallop_10.jpg,hotate,scallop
